Workbook

Sheet form-responses-pt-br
A1: Timestamp | B1: Você concorda em participar deste estudo? | C1: Qual era seu nível de familiaridade com temas relacionados à proteção de dados pessoais (como LGPD/GDPR)? | D1: Qual sua formação acadêmica? | E1: Qual sua área de formação? | F1: Você já atua ou atuou profissionalmente na área de desenvolvimento de software ou áreas afins (ex: desenvolvedor, analista, PO, UX, testes, suporte técnico, banco de dados, consultor)? | G1: As diretrizes facilitaram a proposição de melhorias no sistema analisado. | H1: Foi fácil identificar diretrizes que se relacionavam aos problemas identificados. | I1: As diretrizes são adequadas a contextos reais de sistemas digitais. | J1: O uso das diretrizes facilitou o entendimento da aplicação dos princípios e direitos legais de proteção de dados pessoais. | K1: Sinto que agora consigo desenvolver sistemas digitais melhores, considerando práticas de proteção de dados. | L1: Eu acho que gostaria de usar esse catálogo com frequência | M1: Eu acho o catálogo desnecessariamente complexo. | N1: Eu achei o catálogo fácil de usar. | O1: Eu acho que precisaria de ajuda de uma pessoa com conhecimentos técnicos para usar esse catálogo. | P1: Eu acho que as várias funções do catálogo estão muito bem integradas. | Q1: Eu acho que o catálogo apresenta muita inconsistência. | R1: Eu imagino que as pessoas aprenderão como usar esse catálogo rapidamente. | S1: Eu achei o catálogo não prático de usar. | T1: Eu me senti confiante ao usar o catálogo. | U1: Eu precisei aprender várias coisas novas antes de conseguir usar o catálogo. | V1: Gostaria de deixar algum comentário sobre o uso do catálogo, sua experiência com a atividade ou sugestões de melhoria?
A2: 2025/06/16 7:03:09 PM GMT-3 | B2: Sim, concordo em participar | C2: Já tinha ouvido falar, mas nunca estudei. | D2: Estou cursando graduação. | E2: Área de TI. | F2: Tenho menos de 1 ano de experiência profissional. | G2: 5 | H2: 5 | I2: 5 | J2: 5 | K2: 5 | L2: 5 | M2: 2 | N2: 4 | O2: 1 | P2: 4 | Q2: 2 | R2: 5 | S2: 1 | T2: 5 | U2: 2
A3: 2025/06/16 7:05:37 PM GMT-3 | B3: Sim, concordo em participar | C3: Já apliquei proteção de dados pessoais em desenvolvimento de sistemas. | D3: Estou cursando graduação. | E3: Área de TI. | F3: Tenho entre 1 e 2 anos de experiência profissional. | G3: 5 | H3: 5 | I3: 5 | J3: 5 | K3: 5 | L3: 3 | M3: 1 | N3: 5 | O3: 1 | P3: 5 | Q3: 1 | R3: 5 | S3: 1 | T3: 5 | U3: 1
A4: 2025/06/16 7:19:18 PM GMT-3 | B4: Sim, concordo em participar | C4: Já estudei formalmente o tema (ex: em outras disciplinas, cursos, leitura de legislação), mas nunca apliquei. | D4: Estou cursando graduação. | E4: Área de TI. | F4: Tenho menos de 1 ano de experiência profissional. | G4: 5 | H4: 3 | I4: 5 | J4: 5 | K4: 5 | L4: 4 | M4: 1 | N4: 4 | O4: 2 | P4: 5 | Q4: 2 | R4: 5 | S4: 1 | T4: 4 | U4: 1 | V4: Não
A5: 2025/06/16 7:19:35 PM GMT-3 | B5: Sim, concordo em participar | C5: Já estudei formalmente o tema (ex: em outras disciplinas, cursos, leitura de legislação), mas nunca apliquei. | D5: Estou cursando graduação. | E5: Área de TI. | F5: Tenho entre 1 e 2 anos de experiência profissional. | G5: 5 | H5: 5 | I5: 5 | J5: 4 | K5: 5 | L5: 4 | M5: 1 | N5: 5 | O5: 1 | P5: 5 | Q5: 1 | R5: 4 | S5: 1 | T5: 4 | U5: 1
A6: 2025/06/16 7:19:35 PM GMT-3 | B6: Sim, concordo em participar | C6: Já estudei formalmente o tema (ex: em outras disciplinas, cursos, leitura de legislação), mas nunca apliquei. | D6: Estou cursando graduação. | E6: Área de TI. | F6: Tenho entre 1 e 2 anos de experiência profissional. | G6: 5 | H6: 3 | I6: 4 | J6: 5 | K6: 3 | L6: 3 | M6: 2 | N6: 4 | O6: 2 | P6: 3 | Q6: 2 | R6: 4 | S6: 2 | T6: 3 | U6: 3
A7: 2025/06/16 7:19:36 PM GMT-3 | B7: Sim, concordo em participar | C7: Já tinha ouvido falar, mas nunca estudei. | D7: Estou cursando graduação. | E7: Área de TI. | F7: Tenho entre 2 a 5 anos de experiência profissional. | G7: 5 | H7: 3 | I7: 5 | J7: 5 | K7: 4 | L7: 2 | M7: 3 | N7: 3 | O7: 1 | P7: 3 | Q7: 1 | R7: 4 | S7: 2 | T7: 3 | U7: 1
A8: 2025/06/16 7:20:21 PM GMT-3 | B8: Sim, concordo em participar | C8: Já tinha ouvido falar, mas nunca estudei. | D8: Estou cursando graduação. | E8: Área de TI. | F8: Tenho menos de 1 ano de experiência profissional. | G8: 5 | H8: 5 | I8: 5 | J8: 5 | K8: 5 | L8: 4 | M8: 1 | N8: 5 | O8: 1 | P8: 4 | Q8: 1 | R8: 5 | S8: 1 | T8: 5 | U8: 1
A9: 2025/06/16 7:20:32 PM GMT-3 | B9: Sim, concordo em participar | C9: Já tinha ouvido falar, mas nunca estudei. | D9: Estou cursando graduação. | E9: Área de TI. | F9: Tenho entre 2 a 5 anos de experiência profissional. | G9: 5 | H9: 5 | I9: 5 | J9: 5 | K9: 5 | L9: 5 | M9: 1 | N9: 5 | O9: 1 | P9: 5 | Q9: 1 | R9: 3 | S9: 2 | T9: 5 | U9: 2
A10: 2025/06/16 7:20:34 PM GMT-3 | B10: Sim, concordo em participar | C10: Já estudei formalmente o tema (ex: em outras disciplinas, cursos, leitura de legislação), mas nunca apliquei. | D10: Estou cursando graduação. | E10: Área de TI. | F10: Tenho mais de 5 anos de experiência profissional. | G10: 5 | H10: 5 | I10: 5 | J10: 4 | K10: 5 | L10: 5 | M10: 3 | N10: 4 | O10: 2 | P10: 3 | Q10: 1 | R10: 4 | S10: 2 | T10: 5 | U10: 2
A11: 2025/06/16 7:22:02 PM GMT-3 | B11: Sim, concordo em participar | C11: Já tinha ouvido falar, mas nunca estudei. | D11: Estou cursando graduação. | E11: Área de TI. | F11: Tenho entre 2 a 5 anos de experiência profissional. | G11: 5 | H11: 5 | I11: 5 | J11: 5 | K11: 4 | L11: 3 | M11: 3 | N11: 3 | O11: 3 | P11: 4 | Q11: 2 | R11: 3 | S11: 3 | T11: 3 | U11: 1
A12: 2025/06/16 7:22:04 PM GMT-3 | B12: Sim, concordo em participar | C12: Já tinha ouvido falar, mas nunca estudei. | D12: Estou cursando graduação. | E12: Área de TI. | F12: Tenho entre 1 e 2 anos de experiência profissional. | G12: 5 | H12: 5 | I12: 5 | J12: 5 | K12: 5 | L12: 4 | M12: 2 | N12: 4 | O12: 4 | P12: 4 | Q12: 1 | R12: 4 | S12: 2 | T12: 4 | U12: 3
A13: 2025/06/16 7:22:24 PM GMT-3 | B13: Sim, concordo em participar | C13: Já tinha ouvido falar, mas nunca estudei. | D13: Estou cursando graduação. | E13: Área de TI. | F13: Tenho menos de 1 ano de experiência profissional. | G13: 5 | H13: 4 | I13: 5 | J13: 5 | K13: 5 | L13: 4 | M13: 3 | N13: 3 | O13: 4 | P13: 4 | Q13: 2 | R13: 2 | S13: 2 | T13: 4 | U13: 4
A14: 2025/06/16 7:23:56 PM GMT-3 | B14: Sim, concordo em participar | C14: Já tinha ouvido falar, mas nunca estudei. | D14: Estou cursando graduação. | E14: Área de TI. | F14: Tenho entre 1 e 2 anos de experiência profissional. | G14: 4 | H14: 3 | I14: 5 | J14: 5 | K14: 4 | L14: 3 | M14: 3 | N14: 3 | O14: 2 | P14: 4 | Q14: 2 | R14: 4 | S14: 2 | T14: 4 | U14: 3
A15: 2025/06/16 7:26:58 PM GMT-3 | B15: Sim, concordo em participar | C15: Já estudei formalmente o tema (ex: em outras disciplinas, cursos, leitura de legislação), mas nunca apliquei. | D15: Estou cursando graduação. | E15: Área de TI. | F15: Tenho entre 1 e 2 anos de experiência profissional. | G15: 5 | H15: 3 | I15: 5 | J15: 5 | K15: 3 | L15: 5 | M15: 3 | N15: 2 | O15: 4 | P15: 4 | Q15: 4 | R15: 5 | S15: 2 | T15: 4 | U15: 5 | V15: Algumas diretrizes podem ter títulos mais conexos com suas soluções, ou ter soluções mais amplas para caber naquele problema e seus casos de uso. O quadro de Escolhas de Privacidade e de Controle auxiliam na ligação com a LGPD e GPDR.
A16: 2025/06/16 7:27:05 PM GMT-3 | B16: Sim, concordo em participar | C16: Já tinha ouvido falar, mas nunca estudei. | D16: Estou cursando graduação. | E16: Área de TI. | F16: Tenho menos de 1 ano de experiência profissional. | G16: 5 | H16: 4 | I16: 5 | J16: 4 | K16: 4 | L16: 3 | M16: 3 | N16: 3 | O16: 1 | P16: 3 | Q16: 3 | R16: 2 | S16: 3 | T16: 3 | U16: 4
A17: 2025/06/16 7:27:07 PM GMT-3 | B17: Sim, concordo em participar | C17: Já tinha ouvido falar, mas nunca estudei. | D17: Estou cursando graduação. | E17: Área de TI. | F17: Tenho menos de 1 ano de experiência profissional. | G17: 5 | H17: 4 | I17: 4 | J17: 4 | K17: 5 | L17: 4 | M17: 3 | N17: 4 | O17: 1 | P17: 4 | Q17: 1 | R17: 4 | S17: 1 | T17: 4 | U17: 2
A18: 2025/06/16 7:27:27 PM GMT-3 | B18: Sim, concordo em participar | C18: Já tinha ouvido falar, mas nunca estudei. | D18: Estou cursando graduação. | E18: Área de TI. | F18: Tenho entre 1 e 2 anos de experiência profissional. | G18: 5 | H18: 5 | I18: 5 | J18: 5 | K18: 4 | L18: 4 | M18: 1 | N18: 5 | O18: 1 | P18: 3 | Q18: 1 | R18: 4 | S18: 1 | T18: 4 | U18: 1 | V18: Seria legal ter um índice central com todos os tópicos para não precisar navegar em árvore
A19: 2025/06/16 7:29:26 PM GMT-3 | B19: Sim, concordo em participar | C19: Já tinha ouvido falar, mas nunca estudei. | D19: Tenho graduação. | E19: Área de Design. | F19: Tenho mais de 5 anos de experiência profissional. | G19: 5 | H19: 5 | I19: 5 | J19: 4 | K19: 5 | L19: 5 | M19: 3 | N19: 3 | O19: 4 | P19: 3 | Q19: 1 | R19: 3 | S19: 4 | T19: 4 | U19: 4
A20: 2025/06/16 7:30:16 PM GMT-3 | B20: Sim, concordo em participar | C20: Já tinha ouvido falar, mas nunca estudei. | D20: Estou cursando graduação. | E20: Área de TI. | F20: Tenho menos de 1 ano de experiência profissional. | G20: 5 | H20: 5 | I20: 5 | J20: 5 | K20: 5 | L20: 4 | M20: 2 | N20: 4 | O20: 2 | P20: 3 | Q20: 1 | R20: 4 | S20: 1 | T20: 5 | U20: 1
A21: 2025/06/16 7:30:47 PM GMT-3 | B21: Sim, concordo em participar | C21: Nunca tinha tido contato com o tema. | D21: Estou cursando graduação. | E21: Área de TI. | F21: Não tenho experiência profissional | G21: 4 | H21: 4 | I21: 5 | J21: 4 | K21: 2 | L21: 3 | M21: 3 | N21: 3 | O21: 2 | P21: 4 | Q21: 1 | R21: 4 | S21: 3 | T21: 4 | U21: 1
A22: 2025/06/16 7:31:34 PM GMT-3 | B22: Sim, concordo em participar | C22: Já tinha ouvido falar, mas nunca estudei. | D22: Estou cursando graduação. | E22: Área de TI. | F22: Tenho entre 1 e 2 anos de experiência profissional. | G22: 4 | H22: 2 | I22: 3 | J22: 3 | K22: 4 | L22: 3 | M22: 3 | N22: 2 | O22: 2 | P22: 3 | Q22: 3 | R22: 4 | S22: 2 | T22: 2 | U22: 2
A23: 2025/06/16 7:34:42 PM GMT-3 | B23: Sim, concordo em participar | C23: Já tinha ouvido falar, mas nunca estudei. | D23: Estou cursando graduação. | E23: Área de TI. | F23: Não tenho experiência profissional | G23: 5 | H23: 3 | I23: 4 | J23: 5 | K23: 4 | L23: 3 | M23: 2 | N23: 4 | O23: 1 | P23: 3 | Q23: 1 | R23: 5 | S23: 1 | T23: 3 | U23: 2
A24: 2025/06/16 7:36:18 PM GMT-3 | B24: Sim, concordo em participar | C24: Já tinha ouvido falar, mas nunca estudei. | D24: Estou cursando graduação. | E24: Área de TI. | F24: Tenho esperiência em outras áreas | G24: 3 | H24: 3 | I24: 5 | J24: 4 | K24: 2 | L24: 3 | M24: 4 | N24: 2 | O24: 4 | P24: 3 | Q24: 2 | R24: 2 | S24: 3 | T24: 2 | U24: 3
A25: 2025/06/16 7:45:00 PM GMT-3 | B25: Sim, concordo em participar | C25: Já tinha ouvido falar, mas nunca estudei. | D25: Estou cursando graduação. | E25: Área de TI. | F25: Tenho entre 1 e 2 anos de experiência profissional. | G25: 5 | H25: 4 | I25: 4 | J25: 5 | K25: 4 | L25: 3 | M25: 2 | N25: 5 | O25: 1 | P25: 3 | Q25: 1 | R25: 4 | S25: 1 | T25: 4 | U25: 1
A26: 2025/06/16 7:45:20 PM GMT-3 | B26: Sim, concordo em participar | C26: Nunca tinha tido contato com o tema. | D26: Estou cursando graduação. | E26: Área de TI. | F26: Não tenho experiência profissional | G26: 5 | H26: 5 | I26: 5 | J26: 5 | K26: 5 | L26: 4 | M26: 2 | N26: 4 | O26: 1 | P26: 5 | Q26: 1 | R26: 5 | S26: 1 | T26: 3 | U26: 2
A27: 2025/06/16 7:47:25 PM GMT-3 | B27: Sim, concordo em participar | C27: Já tinha ouvido falar, mas nunca estudei. | D27: Estou cursando graduação. | E27: Área de TI. | F27: Tenho entre 2 a 5 anos de experiência profissional. | G27: 5 | H27: 4 | I27: 5 | J27: 4 | K27: 4 | L27: 3 | M27: 1 | N27: 5 | O27: 1 | P27: 5 | Q27: 1 | R27: 4 | S27: 1 | T27: 3 | U27: 2
A28: 2025/06/16 7:51:56 PM GMT-3 | B28: Sim, concordo em participar | C28: Já tinha ouvido falar, mas nunca estudei. | D28: Estou cursando graduação. | E28: Área de TI. | F28: Tenho entre 2 a 5 anos de experiência profissional. | G28: 4 | H28: 3 | I28: 5 | J28: 5 | K28: 4 | L28: 4 | M28: 2 | N28: 4 | O28: 3 | P28: 3 | Q28: 2 | R28: 4 | S28: 2 | T28: 4 | U28: 1
A29: 2025/06/16 7:52:06 PM GMT-3 | B29: Sim, concordo em participar | C29: Nunca tinha tido contato com o tema. | D29: Estou cursando graduação. | E29: Área de TI. | F29: Tenho entre 2 a 5 anos de experiência profissional. | G29: 4 | H29: 2 | I29: 4 | J29: 4 | K29: 3 | L29: 3 | M29: 4 | N29: 3 | O29: 4 | P29: 4 | Q29: 3 | R29: 3 | S29: 5 | T29: 2 | U29: 4
A30: 2025/06/16 8:11:00 PM GMT-3 | B30: Sim, concordo em participar | C30: Já tinha ouvido falar, mas nunca estudei. | D30: Estou cursando graduação. | E30: Área de TI. | F30: Tenho entre 2 a 5 anos de experiência profissional. | G30: 5 | H30: 5 | I30: 5 | J30: 5 | K30: 5 | L30: 4 | M30: 2 | N30: 4 | O30: 3 | P30: 5 | Q30: 1 | R30: 4 | S30: 3 | T30: 3 | U30: 2
... A33: 2025/07/01 9:27:36 AM GMT-3 | B33: Sim, concordo em participar | C33: Já estudei formalmente o tema (ex: em outras disciplinas, cursos, leitura de legislação), mas nunca apliquei. | D33: Estou cursando graduação. | E33: Área de TI. | F33: Tenho entre 1 e 2 anos de experiência profissional. | G33: 4 | H33: 5 | I33: 5 | J33: 5 | K33: 4 | L33: 3 | M33: 1 | N33: 4 | O33: 3 | P33: 3 | Q33: 2 | R33: 4 | S33: 2 | T33: 3 | U33: 2

Sheet sus-en
A1: I think I would like to use this catalogue frequently | B1: I found the catalogue unnecessarily complex | C1: I thought the catalogue was easy to use | D1: I think I would need technical support to use the catalogue | E1: I found the functions in the catalogue well integrated | F1: I thought there were too many inconsistencies in the catalogue | G1: I imagine people would learn to use the catalogue quickly | H1: I found the catalogue impractical to use | I1: I felt confident using the catalogue | J1: I had to learn many things before I could use the catalogue | K1: SUS score
A2: ='form-responses-pt-br'!L2 -> 5 | B2: ='form-responses-pt-br'!M2 -> 2 | C2: ='form-responses-pt-br'!N2 -> 4 | D2: ='form-responses-pt-br'!O2 -> 1 | E2: ='form-responses-pt-br'!P2 -> 4 | F2: ='form-responses-pt-br'!Q2 -> 2 | G2: ='form-responses-pt-br'!R2 -> 5 | H2: ='form-responses-pt-br'!S2 -> 1 | ... J2: ='form-responses-pt-br'!U2 -> 2 | K2: =((A2-1)+(5-B2)+(C2-1)+(5-D2)+(E2-1)+(5-F2)+(G2-1)+(5-H2)+(I2-1)+(5-J2))*2.5 -> 87.5
A3: ='form-responses-pt-br'!L3 -> 3 | B3: ='form-responses-pt-br'!M3 -> 1 | C3: ='form-responses-pt-br'!N3 -> 5 | D3: ='form-responses-pt-br'!O3 -> 1 | E3: ='form-responses-pt-br'!P3 -> 5 | F3: ='form-responses-pt-br'!Q3 -> 1 | G3: ='form-responses-pt-br'!R3 -> 5 | H3: ='form-responses-pt-br'!S3 -> 1 | ... J3: ='form-responses-pt-br'!U3 -> 1 | K3: =((A3-1)+(5-B3)+(C3-1)+(5-D3)+(E3-1)+(5-F3)+(G3-1)+(5-H3)+(I3-1)+(5-J3))*2.5 -> 95
A4: ='form-responses-pt-br'!L4 -> 4 | B4: ='form-responses-pt-br'!M4 -> 1 | C4: ='form-responses-pt-br'!N4 -> 4 | D4: ='form-responses-pt-br'!O4 -> 2 | E4: ='form-responses-pt-br'!P4 -> 5 | F4: ='form-responses-pt-br'!Q4 -> 2 | G4: ='form-responses-pt-br'!R4 -> 5 | H4: ='form-responses-pt-br'!S4 -> 1 | ... J4: ='form-responses-pt-br'!U4 -> 1 | K4: =((A4-1)+(5-B4)+(C4-1)+(5-D4)+(E4-1)+(5-F4)+(G4-1)+(5-H4)+(I4-1)+(5-J4))*2.5 -> 87.5
A5: ='form-responses-pt-br'!L5 -> 4 | B5: ='form-responses-pt-br'!M5 -> 1 | C5: ='form-responses-pt-br'!N5 -> 5 | D5: ='form-responses-pt-br'!O5 -> 1 | E5: ='form-responses-pt-br'!P5 -> 5 | F5: ='form-responses-pt-br'!Q5 -> 1 | G5: ='form-responses-pt-br'!R5 -> 4 | H5: ='form-responses-pt-br'!S5 -> 1 | ... J5: ='form-responses-pt-br'!U5 -> 1 | K5: =((A5-1)+(5-B5)+(C5-1)+(5-D5)+(E5-1)+(5-F5)+(G5-1)+(5-H5)+(I5-1)+(5-J5))*2.5 -> 92.5
A6: ='form-responses-pt-br'!L6 -> 3 | B6: ='form-responses-pt-br'!M6 -> 2 | C6: ='form-responses-pt-br'!N6 -> 4 | D6: ='form-responses-pt-br'!O6 -> 2 | E6: ='form-responses-pt-br'!P6 -> 3 | F6: ='form-responses-pt-br'!Q6 -> 2 | G6: ='form-responses-pt-br'!R6 -> 4 | H6: ='form-responses-pt-br'!S6 -> 2 | ... J6: ='form-responses-pt-br'!U6 -> 3 | K6: =((A6-1)+(5-B6)+(C6-1)+(5-D6)+(E6-1)+(5-F6)+(G6-1)+(5-H6)+(I6-1)+(5-J6))*2.5 -> 65
A7: ='form-responses-pt-br'!L7 -> 2 | B7: ='form-responses-pt-br'!M7 -> 3 | C7: ='form-responses-pt-br'!N7 -> 3 | D7: ='form-responses-pt-br'!O7 -> 1 | E7: ='form-responses-pt-br'!P7 -> 3 | F7: ='form-responses-pt-br'!Q7 -> 1 | G7: ='form-responses-pt-br'!R7 -> 4 | H7: ='form-responses-pt-br'!S7 -> 2 | ... J7: ='form-responses-pt-br'!U7 -> 1 | K7: =((A7-1)+(5-B7)+(C7-1)+(5-D7)+(E7-1)+(5-F7)+(G7-1)+(5-H7)+(I7-1)+(5-J7))*2.5 -> 67.5
A8: ='form-responses-pt-br'!L8 -> 4 | B8: ='form-responses-pt-br'!M8 -> 1 | C8: ='form-responses-pt-br'!N8 -> 5 | D8: ='form-responses-pt-br'!O8 -> 1 | E8: ='form-responses-pt-br'!P8 -> 4 | F8: ='form-responses-pt-br'!Q8 -> 1 | G8: ='form-responses-pt-br'!R8 -> 5 | H8: ='form-responses-pt-br'!S8 -> 1 | ... J8: ='form-responses-pt-br'!U8 -> 1 | K8: =((A8-1)+(5-B8)+(C8-1)+(5-D8)+(E8-1)+(5-F8)+(G8-1)+(5-H8)+(I8-1)+(5-J8))*2.5 -> 95
A9: ='form-responses-pt-br'!L9 -> 5 | B9: ='form-responses-pt-br'!M9 -> 1 | C9: ='form-responses-pt-br'!N9 -> 5 | D9: ='form-responses-pt-br'!O9 -> 1 | E9: ='form-responses-pt-br'!P9 -> 5 | F9: ='form-responses-pt-br'!Q9 -> 1 | G9: ='form-responses-pt-br'!R9 -> 3 | H9: ='form-responses-pt-br'!S9 -> 2 | ... J9: ='form-responses-pt-br'!U9 -> 2 | K9: =((A9-1)+(5-B9)+(C9-1)+(5-D9)+(E9-1)+(5-F9)+(G9-1)+(5-H9)+(I9-1)+(5-J9))*2.5 -> 90
A10: ='form-responses-pt-br'!L10 -> 5 | B10: ='form-responses-pt-br'!M10 -> 3 | C10: ='form-responses-pt-br'!N10 -> 4 | D10: ='form-responses-pt-br'!O10 -> 2 | E10: ='form-responses-pt-br'!P10 -> 3 | F10: ='form-responses-pt-br'!Q10 -> 1 | G10: ='form-responses-pt-br'!R10 -> 4 | H10: ='form-responses-pt-br'!S10 -> 2 | ... J10: ='form-responses-pt-br'!U10 -> 2 | K10: =((A10-1)+(5-B10)+(C10-1)+(5-D10)+(E10-1)+(5-F10)+(G10-1)+(5-H10)+(I10-1)+(5-J10))*2.5 -> 77.5
A11: ='form-responses-pt-br'!L11 -> 3 | B11: ='form-responses-pt-br'!M11 -> 3 | C11: ='form-responses-pt-br'!N11 -> 3 | D11: ='form-responses-pt-br'!O11 -> 3 | E11: ='form-responses-pt-br'!P11 -> 4 | F11: ='form-responses-pt-br'!Q11 -> 2 | G11: ='form-responses-pt-br'!R11 -> 3 | H11: ='form-responses-pt-br'!S11 -> 3 | ... J11: ='form-responses-pt-br'!U11 -> 1 | K11: =((A11-1)+(5-B11)+(C11-1)+(5-D11)+(E11-1)+(5-F11)+(G11-1)+(5-H11)+(I11-1)+(5-J11))*2.5 -> 60
A12: ='form-responses-pt-br'!L12 -> 4 | B12: ='form-responses-pt-br'!M12 -> 2 | C12: ='form-responses-pt-br'!N12 -> 4 | D12: ='form-responses-pt-br'!O12 -> 4 | E12: ='form-responses-pt-br'!P12 -> 4 | F12: ='form-responses-pt-br'!Q12 -> 1 | G12: ='form-responses-pt-br'!R12 -> 4 | H12: ='form-responses-pt-br'!S12 -> 2 | ... J12: ='form-responses-pt-br'!U12 -> 3 | K12: =((A12-1)+(5-B12)+(C12-1)+(5-D12)+(E12-1)+(5-F12)+(G12-1)+(5-H12)+(I12-1)+(5-J12))*2.5 -> 70
A13: ='form-responses-pt-br'!L13 -> 4 | B13: ='form-responses-pt-br'!M13 -> 3 | C13: ='form-responses-pt-br'!N13 -> 3 | D13: ='form-responses-pt-br'!O13 -> 4 | E13: ='form-responses-pt-br'!P13 -> 4 | F13: ='form-responses-pt-br'!Q13 -> 2 | G13: ='form-responses-pt-br'!R13 -> 2 | H13: ='form-responses-pt-br'!S13 -> 2 | ... J13: ='form-responses-pt-br'!U13 -> 4 | K13: =((A13-1)+(5-B13)+(C13-1)+(5-D13)+(E13-1)+(5-F13)+(G13-1)+(5-H13)+(I13-1)+(5-J13))*2.5 -> 55
... A33: ='form-responses-pt-br'!L33 -> 3 | B33: ='form-responses-pt-br'!M33 -> 1 | C33: ='form-responses-pt-br'!N33 -> 4 | D33: ='form-responses-pt-br'!O33 -> 3 | E33: ='form-responses-pt-br'!P33 -> 3 | F33: ='form-responses-pt-br'!Q33 -> 2 | G33: ='form-responses-pt-br'!R33 -> 4 | H33: ='form-responses-pt-br'!S33 -> 2 | ... J33: ='form-responses-pt-br'!U33 -> 2 | K33: =((A33-1)+(5-B33)+(C33-1)+(5-D33)+(E33-1)+(5-F33)+(G33-1)+(5-H33)+(I33-1)+(5-J33))*2.5 -> 67.5
K34: 72.5
K36: =AVERAGE(K2:K33) -> 72.5

Sheet percepcao-en
B1: 1 | C1: 2 | D1: 3 | E1: 4 | F1: 5 | G1: N
A2: The guidelines facilitated the proposal of improvements to the analysed system | B2: 0 | C2: 0 | D2: 1 | E2: 6 | F2: 25 | G2: =F2+E2+D2+C2+B2 -> 32
A3: It was easy to identify guidelines that matched the identified problems | B3: 0 | C3: 2 | D3: 8 | E3: 6 | F3: 16 | G3: =SUM(B3:F3) -> 32
A4: The guidelines are adequate for real-world digital system contexts | B4: 0 | C4: 0 | D4: 1 | E4: 5 | F4: 26 | G4: =SUM(B4:F4) -> 32
A5: The guidelines helped me understand legal data protection principles and rights | B5: 0 | C5: 0 | D5: 1 | E5: 9 | F5: 22 | G5: =SUM(B5:F5) -> 32
A6: I now feel more prepared to develop digital systems with data protection in mind | B6: 0 | C6: 2 | D6: 3 | E6: 11 | F6: 16 | G6: =SUM(B6:F6) -> 32

Sheet profile
A1: pt-br | B1: en
A2: Qual era seu nível de familiaridade com temas relacionados à proteção de dados pessoais (como LGPD/GDPR)? | B2: Familiarity with data protection topics
A3: Já tinha ouvido falar, mas nunca estudei | B3: Heard of it, never studied | C3: 21 | D3: =C3/C8 -> 0.65625
A4: Já estudei formalmente o tema (ex: em outras disciplinas, cursos, leitura de legislação), mas nunca apliquei | B4: Studied formally, never applied | C4: 6 | D4: =C4/C8 -> 0.1875
A5: Nunca tinha tido contato com o tema | B5: Never had contact with the topic | C5: 3 | D5: =C5/C8 -> 0.09375
A6: Já apliquei proteção de dados pessoais em desenvolvimento de sistemas | B6: Applied in system development | C6: 2 | D6: =C6/$C$8 -> 0.0625
A7: Desempenho ou já desempenhei um papel específico referente à proteção de dados pessoais (controlador, operador, encarregado, consultor, auditor...). | B7: Data protection-related role | C7: 0 | D7: =C7/$C$8 -> 0
A8: Total | C8: =SUM(C3:C7) -> 32 | D8: =SUM(D3:D7) -> 1
A10: Qual sua formação acadêmica?
A11: Estou cursando graduação | C11: 31
A12: Tenho Graduação | C12: 1
A13: Total | C13: =SUM(C11:C12) -> 32
A15: Qual sua área de formação? | B15: Educational background
A16: Área de TI | B16: IT-related background | C16: 31 | D16: =C16/$C$18 -> 0.96875
A17: Área de Design | B17: Design | C17: 1 | D17: =C17/$C$18 -> 0.03125
A18: Total | C18: =SUM(C16:C17) -> 32 | D18: =SUM(D16:D17) -> 1
A21: Você já atua ou atuou profissionalmente na área de desenvolvimento de software ou áreas afins (ex: desenvolvedor, analista, PO, UX, testes, suporte técnico, banco de dados, consultor)? | B21: Work experience in SE or related areas
A22: Tenho entre 1 e 2 anos de experiência profissional | B22: 1-2 years | C22: 10 | D22: =C22/C28 -> 0.3125
A23: Tenho entre 2 a 5 anos de experiência profissional | B23: 2-5 years | C23: 9 | D23: =C23/C28 -> 0.28125
A24: Tenho menos de 1 ano de experiência profissional | B24: <1 year | C24: 7 | D24: =C24/C28 -> 0.21875
A25: Não tenho experiência profissional | B25: No experience | C25: 3 | D25: =C25/C28 -> 0.09375
A26: Tenho mais de 5 anos de experiência profissional | B26: > 5 years | C26: 2 | D26: =C26/C28 -> 0.0625
A27: Tenho esperiência em outras áreas | B27: Other areas only | C27: 1 | D27: =C27/C28 -> 0.03125
A28: Total | C28: =SUM(C22:C27) -> 32 | D28: =SUM(D22:D27) -> 1

Sheet familiarity-vs-work-experience
A2: pt-br
B4: Nunca tinha tido contato com o tema | C4: Já tinha ouvido falar, mas nunca estudei | D4: Já estudei formalmente o tema (ex: em outras disciplinas, cursos, leitura de legislação), mas nunca apliquei | E4: Já apliquei proteção de dados pessoais em desenvolvimento de sistemas
A5: Não tenho experiência profissional | B5: 2 | C5: 1 | D5: 0 | E5: 0
A6: Tenho menos de 1 ano de experiência profissional | B6: 0 | C6: 6 | D6: 1 | E6: 0
A7: Tenho entre 1 e 2 anos de experiência profissional | B7: 0 | C7: 5 | D7: 4 | E7: 1
A8: Tenho entre 2 a 5 anos de experiência profissional | B8: 1 | C8: 7 | D8: 0 | E8: 1
A9: Tenho mais de 5 anos de experiência profissional | B9: 0 | C9: 1 | D9: 1 | E9: 0
A10: Tenho esperiência em outras áreas | B10: 0 | C10: 1 | D10: 0 | E10: 0
A12: Total | B12: =SUM(B5:B10) -> 3 | C12: =SUM(C5:C10) -> 21 | D12: =SUM(D6:D10) -> 6 | E12: =SUM(E5:E10) -> 2 | F12: =SUM(B12:E13) -> 32
A14: en
B15: =profile!B5 -> Never had contact with the topic | C15: =profile!B3 -> Heard of it, never studied | D15: =profile!B4 -> Studied formally, never applied | E15: =profile!B6 -> Applied in system development
A16: =profile!B25 -> No experience | B16: 2 | C16: 1 | D16: 0 | E16: 0
A17: =profile!B24 -> <1 year | B17: 0 | C17: 6 | D17: 1 | E17: 0
A18: =profile!B22 -> 1-2 years | B18: 0 | C18: 5 | D18: 4 | E18: 1
A19: =profile!B23 -> 2-5 years | B19: 1 | C19: 7 | D19: 0 | E19: 1
A20: =profile!B26 -> > 5 years | B20: 0 | C20: 1 | D20: 1 | E20: 0
A21: =profile!B27 -> Other areas only | B21: 0 | C21: 1 | D21: 0 | E21: 0
A23: Total | B23: =SUM(B15:B21) -> 3 | C23: =SUM(C15:C21) -> 21 | D23: =SUM(D15:D21) -> 6 | E23: =SUM(E15:E21) -> 2 | F23: =sum(B23:E23) -> 32
